---- Data for Name: Airports; Type: TABLE DATA; Schema: public; Owner: postgres--INSERT INTO public."Airports" VALUES ('8bc2c391-de14-4a61-89ec-69bac6e2dc48', 'Pulkovo', 'ULLI', 'Санкт-Петербург');---- Data for Name: FlightFunctions; Type: TABLE DATA; Schema: public; Owner: postgres--INSERT INTO public."FlightFunctions" VALUES ('a174c28f-34ff-48ce-8515-814086e85fb0', 'Взлет с 10L');INSERT INTO public."FlightFunctions" VALUES ('78945679-8c8e-4274-8571-1feedbfa4b3f', 'Взлёт с 10R');INSERT INTO public."FlightFunctions" VALUES ('963fd665-c72c-463b-a87b-e79a8819e14a', 'Взлёт с 28L');INSERT INTO public."FlightFunctions" VALUES ('1a7d514d-0957-49a3-8bd1-969c2be91d3d', 'Взлёт с 28R');INSERT INTO public."FlightFunctions" VALUES ('740c3006-350b-411e-8742-e2fbf8f20d49', 'Посадка на 10L');---- Data for Name: AirportRunways; Type: TABLE DATA; Schema: public; Owner: postgres--INSERT INTO public."AirportRunways" VALUES ('234e57ab-22b2-4c98-a470-55188cd4b687', '10R', '8bc2c391-de14-4a61-89ec-69bac6e2dc48', '78945679-8c8e-4274-8571-1feedbfa4b3f', NULL);INSERT INTO public."AirportRunways" VALUES ('1e6fa024-676b-4301-91b5-253438786922', '28L', '8bc2c391-de14-4a61-89ec-69bac6e2dc48', '963fd665-c72c-463b-a87b-e79a8819e14a', NULL);INSERT INTO public."AirportRunways" VALUES ('e12ca9b1-6aa5-40c5-acc3-04335feeb5dd', '28R', '8bc2c391-de14-4a61-89ec-69bac6e2dc48', '1a7d514d-0957-49a3-8bd1-969c2be91d3d', NULL);INSERT INTO public."AirportRunways" VALUES ('030c1ef5-0396-42b1-9f20-5b7289acf84f', '10L', '8bc2c391-de14-4a61-89ec-69bac6e2dc48', 'a174c28f-34ff-48ce-8515-814086e85fb0', '740c3006-350b-411e-8742-e2fbf8f20d49');---- Data for Name: FunctionPoints; Type: TABLE DATA; Schema: public; Owner: postgres--INSERT INTO public."FunctionPoints" VALUES ('48b59e77-ec08-4b99-a48a-9936edcb8a37', 2, 30.30344772, 59.80108643, 3000, 900, 'Конец взлётной полосы', 'a174c28f-34ff-48ce-8515-814086e85fb0');INSERT INTO public."FunctionPoints" VALUES ('49867acd-6b09-4856-b062-de1e0085926b', 1, 30.2740078, 59.80546951, 0, 900, 'середина взлётной полосы', 'a174c28f-34ff-48ce-8515-814086e85fb0');INSERT INTO public."FunctionPoints" VALUES ('6dd25ad3-bb87-41ae-98e6-095dbe4e2c77', 0, 30.24540329, 59.80974579, 0, 0, 'Начальная позиция', 'a174c28f-34ff-48ce-8515-814086e85fb0');INSERT INTO public."FunctionPoints" VALUES ('2bebb73e-9269-40bb-9a4d-02547c306bbd', 2, 30.28224373, 59.79041672, 1000, 600, 'Конец полосы', '78945679-8c8e-4274-8571-1feedbfa4b3f');INSERT INTO public."FunctionPoints" VALUES ('77694000-b716-4211-b5e3-71bbf889a67a', 1, 30.25116158, 59.79504395, 0, 600, 'Середина полосы', '78945679-8c8e-4274-8571-1feedbfa4b3f');INSERT INTO public."FunctionPoints" VALUES ('abb14708-7a8a-4805-9296-38a1bf9143b2', 0, 30.2183342, 59.79991531, 0, 600, 'Начальная позиция', '78945679-8c8e-4274-8571-1feedbfa4b3f');INSERT INTO public."FunctionPoints" VALUES ('2868e7fd-21fe-4fdc-898c-f7da06daf951', 2, 30.21826744, 59.79993439, 1000, 600, 'Конец полосы', '963fd665-c72c-463b-a87b-e79a8819e14a');INSERT INTO public."FunctionPoints" VALUES ('440a60bf-7e48-4f48-a62e-a293d4d280f8', 0, 30.2829113, 59.79991531, 0, 600, 'Начальная позиция', '963fd665-c72c-463b-a87b-e79a8819e14a');INSERT INTO public."FunctionPoints" VALUES ('f297023c-df98-4e2a-806b-c217283665a9', 1, 30.2513752, 59.79502106, 0, 600, 'Середина полосы', '963fd665-c72c-463b-a87b-e79a8819e14a');INSERT INTO public."FunctionPoints" VALUES ('a7fbecba-f1fe-4203-8ac3-e435ab4617f5', 2, 30.24541092, 59.80974197, 1000, 600, 'Конец полосы', '1a7d514d-0957-49a3-8bd1-969c2be91d3d');INSERT INTO public."FunctionPoints" VALUES ('d5c0ab4f-d9ff-4463-95bd-470bffbc8150', 0, 30.30344963, 59.80110168, 0, 600, 'Начальная позиция', '1a7d514d-0957-49a3-8bd1-969c2be91d3d');INSERT INTO public."FunctionPoints" VALUES ('edb371cd-5659-46db-9f6c-a947e5cfd070', 1, 30.27450752, 59.80542755, 0, 600, 'Середина полосы', '1a7d514d-0957-49a3-8bd1-969c2be91d3d');INSERT INTO public."FunctionPoints" VALUES ('10355a12-0c98-4d9d-9b58-160a9a93daa8', 0, 29.95466614, 59.85258484, 500, 600, 'Заход на посадку 1', '740c3006-350b-411e-8742-e2fbf8f20d49');INSERT INTO public."FunctionPoints" VALUES ('67740c48-94e7-47da-a81b-1b96441137e4', 5, 30.28125, 59.80438995, 0, 0, 'Середина полосы', '740c3006-350b-411e-8742-e2fbf8f20d49');INSERT INTO public."FunctionPoints" VALUES ('beffdb26-99b1-408a-b787-f1d20c98b6fa', 1, 30.05591583, 59.83774948, 500, 600, 'Заход на посадку 2', '740c3006-350b-411e-8742-e2fbf8f20d49');INSERT INTO public."FunctionPoints" VALUES ('e7f00f07-b5f9-44c5-8639-20ac8889ddc4', 3, 30.21747208, 59.81388855, 100, 200, 'Подлёт к полосе', '740c3006-350b-411e-8742-e2fbf8f20d49');INSERT INTO public."FunctionPoints" VALUES ('ea38fa3c-4b13-498a-8db6-757018283279', 2, 30.16958427, 59.82099915, 300, 600, 'Заход на посадку 3', '740c3006-350b-411e-8742-e2fbf8f20d49');INSERT INTO public."FunctionPoints" VALUES ('8479bf16-8c03-4514-a362-b2f53055442b', 4, 30.24540329, 59.80974579, 100, 100, 'Начало полосы', '740c3006-350b-411e-8742-e2fbf8f20d49');